first_language_calibration,prop
Catalan,25.992250902103756
Spanish,61.37098823667365
Other,12.636760861222601
